dataset_size,processes,sequential_avg,mpi_avg,speedup,efficiency_percent
1000000,1,0.001159,0.014362,0.0807,8.07
1000000,2,0.001159,0.008024,0.1445,7.22
1000000,4,0.001159,0.005467,0.2120,5.30
1000000,8,0.001159,0.005083,0.2280,2.85
10000000,1,0.010370,0.129772,0.0799,7.99
10000000,2,0.010370,0.088770,0.1168,5.84
10000000,4,0.010370,0.049692,0.2087,5.22
10000000,8,0.010370,0.035348,0.2934,3.67
50000000,1,0.057764,0.641079,0.0901,9.01
50000000,2,0.057764,0.358072,0.1613,8.07
50000000,4,0.057764,0.202968,0.2846,7.11
50000000,8,0.057764,0.154404,0.3741,4.68
100000000,1,0.107600,1.214828,0.0886,8.86
100000000,2,0.107600,0.652338,0.1649,8.25
100000000,4,0.107600,0.438255,0.2455,6.14
100000000,8,0.107600,0.317580,0.3388,4.24
