dataset_size,processes,run,execution_time
1000000,1,1,0.0108382
1000000,1,2,0.0136306
1000000,1,3,0.0167974
1000000,1,4,0.0127581
1000000,1,5,0.0177843
1000000,2,1,0.0082857
1000000,2,2,0.006279
1000000,2,3,0.0073256
1000000,2,4,0.0056271
1000000,2,5,0.0126025
1000000,4,1,0.004604
1000000,4,2,0.0054343
1000000,4,3,0.006629
1000000,4,4,0.0050358
1000000,4,5,0.0056333
1000000,8,1,0.0055643
1000000,8,2,0.0047986
1000000,8,3,0.0053971
1000000,8,4,0.0044969
1000000,8,5,0.0051583
10000000,1,1,0.104664
10000000,1,2,0.152533
10000000,1,3,0.153398
10000000,1,4,0.121633
10000000,1,5,0.116631
10000000,2,1,0.077699
10000000,2,2,0.0620823
10000000,2,3,0.103612
10000000,2,4,0.0926226
10000000,2,5,0.107833
10000000,4,1,0.0351029
10000000,4,2,0.0624817
10000000,4,3,0.0479124
10000000,4,4,0.0540979
10000000,4,5,0.0488664
10000000,8,1,0.0325167
10000000,8,2,0.0327062
10000000,8,3,0.0420658
10000000,8,4,0.0372566
10000000,8,5,0.0321936
50000000,1,1,0.599232
50000000,1,2,0.737388
50000000,1,3,0.531774
50000000,1,4,0.71557
50000000,1,5,0.621432
50000000,2,1,0.376563
50000000,2,2,0.351835
50000000,2,3,0.414268
50000000,2,4,0.340068
50000000,2,5,0.307628
50000000,4,1,0.216275
50000000,4,2,0.185056
50000000,4,3,0.186428
50000000,4,4,0.204554
50000000,4,5,0.222529
50000000,8,1,0.157907
50000000,8,2,0.16147
50000000,8,3,0.168439
50000000,8,4,0.136697
50000000,8,5,0.147508
100000000,1,1,1.50433
100000000,1,2,1.16176
100000000,1,3,1.23807
100000000,1,4,1.12865
100000000,1,5,1.04133
100000000,2,1,0.614495
100000000,2,2,0.695562
100000000,2,3,0.748547
100000000,2,4,0.569115
100000000,2,5,0.633969
100000000,4,1,0.45137
100000000,4,2,0.460071
100000000,4,3,0.426356
100000000,4,4,0.433413
100000000,4,5,0.420064
100000000,8,1,0.327618
100000000,8,2,0.290826
100000000,8,3,0.305475
100000000,8,4,0.321982
100000000,8,5,0.342
