dataset_size,threads,sequential_avg,openmp_avg,speedup,efficiency_percent
1000000,1,0.001159,0.001590,0.7289,72.89
1000000,2,0.001159,0.002055,0.5639,28.20
1000000,4,0.001159,0.002095,0.5533,13.83
1000000,8,0.001159,0.003247,0.3570,4.46
1000000,12,0.001159,0.002923,0.3966,3.30
10000000,1,0.010370,0.013222,0.7843,78.43
10000000,2,0.010370,0.006962,1.4896,74.48
10000000,4,0.010370,0.006068,1.7091,42.73
10000000,8,0.010370,0.005457,1.9004,23.76
10000000,12,0.010370,0.006256,1.6575,13.81
50000000,1,0.057764,0.043270,1.3350,133.50
50000000,2,0.057764,0.030813,1.8747,93.73
50000000,4,0.057764,0.018613,3.1035,77.59
50000000,8,0.057764,0.016479,3.5052,43.82
50000000,12,0.057764,0.017524,3.2962,27.47
100000000,1,0.107600,0.091271,1.1789,117.89
100000000,2,0.107600,0.054297,1.9817,99.08
100000000,4,0.107600,0.032904,3.2702,81.75
100000000,8,0.107600,0.031884,3.3747,42.18
100000000,12,0.107600,0.028256,3.8080,31.73
