dataset_size,threads,run,execution_time
1000000,1,1,0.0023127
1000000,1,2,0.0007959
1000000,1,3,0.0014068
1000000,1,4,0.0022757
1000000,1,5,0.00116
1000000,2,1,0.0026032
1000000,2,2,0.0015779
1000000,2,3,0.0017811
1000000,2,4,0.0018412
1000000,2,5,0.0024737
1000000,4,1,0.0016239
1000000,4,2,0.0013518
1000000,4,3,0.0019476
1000000,4,4,0.0038242
1000000,4,5,0.0017276
1000000,8,1,0.0044702
1000000,8,2,0.0027209
1000000,8,3,0.0031303
1000000,8,4,0.0034984
1000000,8,5,0.0024136
1000000,12,1,0.00353
1000000,12,2,0.0028982
1000000,12,3,0.0031645
1000000,12,4,0.0025688
1000000,12,5,0.002453
10000000,1,1,0.0149751
10000000,1,2,0.0161259
10000000,1,3,0.0169932
10000000,1,4,0.0097166
10000000,1,5,0.0083
10000000,2,1,0.0117959
10000000,2,2,0.0060161
10000000,2,3,0.0058146
10000000,2,4,0.0058009
10000000,2,5,0.0053801
10000000,4,1,0.0083755
10000000,4,2,0.0058548
10000000,4,3,0.0042716
10000000,4,4,0.0058807
10000000,4,5,0.005955
10000000,8,1,0.0046912
10000000,8,2,0.0056712
10000000,8,3,0.0045171
10000000,8,4,0.0067021
10000000,8,5,0.0057011
10000000,12,1,0.0048495
10000000,12,2,0.0057538
10000000,12,3,0.0065971
10000000,12,4,0.0067668
10000000,12,5,0.0073135
50000000,1,1,0.0469873
50000000,1,2,0.0427332
50000000,1,3,0.0472956
50000000,1,4,0.0411453
50000000,1,5,0.0381875
50000000,2,1,0.036601
50000000,2,2,0.0347208
50000000,2,3,0.0242312
50000000,2,4,0.0304864
50000000,2,5,0.0280241
50000000,4,1,0.0272247
50000000,4,2,0.0145362
50000000,4,3,0.0173519
50000000,4,4,0.0191771
50000000,4,5,0.0147739
50000000,8,1,0.0128597
50000000,8,2,0.0151371
50000000,8,3,0.0150294
50000000,8,4,0.0197771
50000000,8,5,0.0195941
50000000,12,1,0.0147283
50000000,12,2,0.0174964
50000000,12,3,0.0245477
50000000,12,4,0.0166221
50000000,12,5,0.0142271
100000000,1,1,0.0781838
100000000,1,2,0.0865193
100000000,1,3,0.0900381
100000000,1,4,0.110794
100000000,1,5,0.0908201
100000000,2,1,0.0593075
100000000,2,2,0.0604781
100000000,2,3,0.0502062
100000000,2,4,0.0546371
100000000,2,5,0.0468559
100000000,4,1,0.04745
100000000,4,2,0.0281029
100000000,4,3,0.0328279
100000000,4,4,0.0283595
100000000,4,5,0.0277772
100000000,8,1,0.049418
100000000,8,2,0.025494
100000000,8,3,0.0248075
100000000,8,4,0.0258559
100000000,8,5,0.0338467
100000000,12,1,0.0272577
100000000,12,2,0.0320409
100000000,12,3,0.0251538
100000000,12,4,0.0250492
100000000,12,5,0.0317782
